<?xml version="1.0" encoding="UTF-8"?>
<project-private xmlns="http://www.netbeans.org/ns/project-private/1">
    <editor-bookmarks xmlns="http://www.netbeans.org/ns/editor-bookmarks/2" lastBookmarkId="0"/>
    <open-files xmlns="http://www.netbeans.org/ns/projectui-open-files/2">
        <group>
            <file>file:/C:/xampp/htdocs/mLoginPDO/controller/cLogin.php</file>
            <file>file:/C:/xampp/htdocs/mLoginPDO/pdo/config.php</file>
            <file>file:/C:/xampp/htdocs/mLoginPDO/controller/deleteUser.php</file>
            <file>file:/C:/xampp/htdocs/mLoginPDO/view/login.php</file>
            <file>file:/C:/xampp/htdocs/mLoginPDO/controller/Logout.php</file>
            <file>file:/C:/xampp/htdocs/mLoginPDO/pdo/connection.php</file>
            <file>file:/C:/xampp/htdocs/mLoginPDO/view/listaUsuarios.php</file>
            <file>file:/C:/xampp/htdocs/mLoginPDO/index.php</file>
            <file>file:/C:/xampp/htdocs/mLoginPDO/controller/cUsuario.php</file>
            <file>file:/C:/xampp/htdocs/mLoginPDO/controller/editUser.php</file>
        </group>
    </open-files>
</project-private>
